age,gender,diagnosis
22,Male,Obesity
32,Male,Covid
36,Female,Covid
46,Male,Covid
29,Female,Cancer
29,Male,Cancer
59,Male,Covid
45,Female,Obesity
53,Female,Cancer
51,Male,Obesity
60,Female,Fever
37,Male,Cancer
33,Female,Covid
51,Female,Cancer
57,Male,Fever
50,Female,Covid
70,Female,Obesity
25,Female,Obesity
27,Male,Fever
34,Male,Cancer
52,Female,Cancer
66,Female,Covid
42,Male,Obesity
39,Male,Fever
41,Female,Covid
64,Female,Fever
71,Female,Cancer
30,Male,Covid
60,Female,Covid
59,Male,Covid
39,Male,Cancer
56,Male,Obesity
60,Male,Obesity
26,Male,Cancer
49,Female,Cancer
47,Female,Obesity
48,Female,Obesity
78,Female,Fever
77,Female,Covid
30,Female,Obesity
48,Female,Obesity
44,Female,Covid
56,Female,Covid
41,Female,Covid
42,Female,Cancer
56,Male,Covid
56,Female,Cancer
79,Male,Fever
58,Male,Cancer
75,Female,Cancer
27,Female,Cancer
28,Male,Cancer
44,Male,Obesity
68,Male,Fever
23,Female,Obesity
51,Male,Obesity
36,Male,Covid
79,Male,Fever
34,Female,Cancer
80,Female,Obesity
61,Female,Obesity
41,Female,Fever
76,Male,Covid
23,Female,Cancer
78,Male,Cancer
72,Female,Obesity
50,Male,Obesity
31,Female,Cancer
57,Female,Fever
35,Female,Fever
39,Female,Cancer
49,Male,Fever
21,Male,Fever
29,Male,Covid
34,Female,Fever
65,Male,Cancer
64,Male,Cancer
31,Female,Obesity
69,Female,Obesity
64,Male,Covid
33,Male,Covid
64,Male,Obesity
33,Male,Cancer
44,Male,Covid
63,Female,Cancer
78,Female,Obesity
49,Female,Covid
27,Male,Obesity
51,Male,Covid
42,Male,Cancer
46,Male,Fever
33,Female,Fever
43,Female,Obesity
76,Male,Covid
73,Female,Covid
34,Female,Fever
61,Female,Fever
71,Male,Obesity
22,Female,Cancer
24,Female,Cancer
32,Female,Cancer
64,Male,Covid
60,Male,Fever
57,Male,Cancer
42,Female,Cancer
67,Male,Cancer
51,Female,Obesity
75,Male,Obesity
25,Male,Fever
37,Male,Obesity
60,Female,Fever
72,Male,Fever
62,Female,Cancer
35,Female,Fever
74,Female,Obesity
58,Female,Covid
33,Female,Cancer
23,Female,Cancer
64,Female,Obesity
48,Male,Covid
22,Male,Obesity
23,Male,Fever
44,Male,Cancer
32,Female,Fever
70,Female,Cancer
55,Female,Obesity
50,Female,Covid
43,Male,Obesity
75,Male,Cancer
73,Female,Covid
53,Male,Cancer
44,Male,Obesity
21,Female,Fever
26,Female,Cancer
36,Male,Covid
52,Male,Obesity
33,Female,Fever
25,Female,Covid
52,Male,Obesity
69,Female,Cancer
33,Female,Obesity
46,Female,Fever
42,Female,Fever
70,Male,Covid
48,Male,Fever
40,Female,Obesity
64,Male,Obesity
49,Male,Fever
54,Female,Obesity
56,Female,Covid
67,Female,Cancer
27,Female,Cancer
63,Male,Cancer
43,Female,Cancer
45,Female,Fever
40,Male,Cancer
70,Male,Cancer
68,Male,Cancer
47,Male,Obesity
24,Female,Fever
46,Female,Fever
37,Male,Fever
78,Male,Covid
62,Male,Covid
55,Female,Cancer
32,Female,Fever
73,Female,Fever
29,Male,Covid
64,Male,Fever
64,Male,Cancer
63,Male,Covid
49,Female,Cancer
59,Male,Obesity
78,Male,Fever
57,Male,Fever
52,Male,Fever
23,Male,Obesity
47,Male,Obesity
31,Female,Fever
67,Male,Obesity
41,Female,Cancer
46,Female,Obesity
56,Female,Fever
25,Male,Cancer
28,Female,Fever
50,Male,Obesity
67,Female,Cancer
50,Female,Fever
58,Female,Fever
24,Female,Cancer
21,Female,Fever
52,Female,Fever
75,Female,Obesity
72,Female,Cancer
70,Female,Cancer
65,Male,Obesity
25,Female,Cancer
46,Male,Fever
37,Male,Fever
50,Male,Covid
46,Male,Obesity
56,Male,Obesity
50,Male,Fever
70,Female,Obesity
46,Male,Fever
78,Female,Cancer
78,Male,Cancer
79,Female,Fever
59,Female,Fever
31,Female,Cancer
44,Male,Obesity
35,Female,Fever
61,Female,Fever
48,Male,Covid
73,Male,Cancer
47,Female,Covid
77,Female,Cancer
78,Male,Covid
35,Female,Obesity
69,Male,Covid
66,Female,Obesity
66,Male,Covid
39,Male,Covid
42,Male,Cancer
29,Male,Covid
45,Female,Covid
36,Female,Cancer
58,Female,Cancer
75,Male,Fever
45,Male,Covid
38,Female,Obesity
68,Female,Covid
36,Male,Cancer
77,Female,Obesity
62,Male,Covid
41,Male,Cancer
27,Male,Cancer
61,Male,Covid
37,Male,Fever
37,Female,Fever
48,Male,Fever
20,Female,Covid
48,Male,Covid
52,Male,Covid
36,Female,Cancer
20,Female,Obesity
51,Male,Obesity
51,Male,Covid
77,Male,Obesity
63,Female,Obesity
56,Female,Fever
62,Female,Obesity
27,Female,Obesity
51,Female,Cancer
48,Male,Cancer
78,Male,Covid
22,Male,Cancer
26,Male,Covid
39,Female,Obesity
53,Male,Cancer
54,Male,Fever
45,Male,Cancer
70,Female,Obesity
54,Female,Fever
58,Female,Covid
77,Male,Cancer
69,Female,Cancer
37,Female,Cancer
31,Male,Covid
42,Female,Fever
74,Male,Fever
63,Male,Covid
23,Female,Covid
78,Female,Fever
67,Male,Obesity
65,Male,Covid
40,Female,Fever
37,Male,Obesity
41,Female,Covid
44,Male,Fever
41,Male,Obesity
77,Male,Covid
22,Female,Cancer
34,Female,Obesity
56,Female,Fever
67,Female,Cancer
28,Male,Covid
52,Female,Covid
52,Male,Obesity
74,Male,Fever
36,Male,Fever
70,Female,Fever
69,Male,Obesity
46,Male,Cancer
66,Male,Fever
71,Male,Covid
57,Male,Fever
36,Male,Cancer
77,Male,Covid
68,Male,Covid
21,Female,Fever
63,Male,Covid
56,Female,Covid
73,Female,Cancer
49,Male,Obesity
26,Female,Fever
40,Female,Obesity
29,Female,Fever
43,Male,Fever
48,Female,Obesity
32,Male,Covid
28,Male,Obesity
33,Female,Fever
46,Male,Covid
60,Male,Covid
47,Male,Cancer
76,Male,Covid
52,Female,Fever
35,Male,Cancer
41,Female,Fever
42,Female,Covid
80,Male,Obesity
77,Female,Covid
20,Female,Fever
40,Male,Obesity
67,Male,Fever
43,Female,Cancer
74,Male,Covid
50,Male,Obesity
42,Male,Cancer
70,Male,Obesity
48,Male,Obesity
73,Female,Cancer
76,Male,Obesity
20,Male,Obesity
34,Female,Covid
20,Male,Covid
69,Female,Covid
65,Male,Covid
70,Female,Fever
30,Male,Fever
79,Male,Fever
72,Male,Fever
58,Male,Covid
74,Female,Fever
74,Female,Fever
80,Female,Cancer
75,Male,Covid
43,Female,Covid
38,Male,Cancer
24,Male,Cancer
59,Male,Fever
71,Female,Covid
71,Female,Covid
76,Male,Fever
79,Male,Cancer
44,Male,Fever
76,Male,Covid
60,Female,Fever
71,Male,Obesity
58,Male,Fever
68,Female,Obesity
36,Male,Cancer
50,Female,Covid
23,Female,Fever
42,Male,Cancer
47,Female,Obesity
35,Male,Cancer
72,Male,Obesity
80,Male,Obesity
35,Female,Cancer
41,Male,Obesity
63,Male,Covid
27,Female,Fever
77,Male,Cancer
55,Male,Covid
67,Female,Fever
31,Female,Obesity
21,Male,Cancer
66,Female,Cancer
52,Male,Cancer
55,Female,Fever
78,Female,Obesity
24,Female,Covid
60,Male,Obesity
50,Female,Covid
71,Female,Cancer
63,Female,Cancer
67,Male,Obesity
23,Male,Fever
22,Male,Covid
65,Male,Obesity
44,Male,Obesity
68,Male,Covid
41,Male,Fever
66,Male,Fever
38,Male,Covid
22,Female,Fever
25,Male,Covid
25,Male,Covid
76,Male,Cancer
52,Female,Cancer
20,Male,Covid
76,Male,Cancer
78,Female,Cancer
28,Male,Cancer
45,Female,Cancer
37,Female,Obesity
55,Female,Fever
63,Male,Cancer
72,Male,Cancer
33,Female,Cancer
77,Male,Obesity
76,Male,Obesity
52,Female,Cancer
29,Male,Cancer
38,Female,Fever
75,Male,Fever
68,Male,Cancer
55,Female,Covid
75,Male,Covid
38,Female,Covid
55,Female,Fever
40,Male,Obesity
29,Male,Fever
73,Female,Fever
36,Female,Cancer
43,Female,Covid
25,Male,Fever
48,Female,Covid
51,Female,Cancer
56,Male,Covid
71,Male,Fever
55,Female,Obesity
21,Female,Fever
65,Male,Obesity
64,Female,Fever
37,Female,Covid
39,Male,Obesity
24,Male,Covid
36,Male,Fever
69,Female,Cancer
54,Female,Fever
23,Female,Obesity
67,Female,Obesity
25,Female,Obesity
37,Female,Covid
58,Male,Fever
47,Male,Fever
21,Male,Fever
48,Female,Cancer
20,Female,Cancer
77,Female,Covid
34,Male,Cancer
71,Male,Fever
53,Female,Fever
65,Female,Covid
77,Male,Obesity
57,Female,Fever
64,Male,Obesity
66,Female,Fever
23,Female,Cancer
72,Male,Obesity
36,Male,Cancer
33,Female,Covid
58,Female,Cancer
33,Male,Cancer
73,Male,Cancer
57,Female,Obesity
22,Female,Obesity
29,Male,Covid
75,Female,Cancer
78,Male,Covid
78,Male,Cancer
80,Male,Obesity
39,Male,Covid
56,Male,Obesity
40,Female,Cancer
36,Male,Obesity
67,Male,Fever
54,Male,Covid
35,Female,Covid
40,Female,Fever
22,Male,Obesity
74,Female,Obesity
41,Male,Fever
77,Female,Fever
23,Male,Fever
47,Male,Fever
64,Male,Covid
73,Female,Fever
78,Female,Obesity
23,Female,Fever
28,Male,Cancer
61,Male,Obesity
75,Male,Covid
55,Male,Obesity
41,Male,Covid
30,Female,Obesity
52,Male,Fever
52,Male,Covid
65,Female,Fever
47,Male,Covid
70,Female,Cancer
80,Male,Fever
45,Male,Covid
73,Male,Covid
67,Female,Fever
59,Female,Fever
48,Female,Fever
67,Female,Covid
33,Female,Covid
41,Female,Fever
29,Male,Covid
52,Female,Obesity
69,Male,Covid
67,Female,Fever
66,Male,Obesity
52,Female,Covid
47,Female,Cancer
42,Male,Cancer
80,Male,Fever
53,Male,Cancer
60,Female,Cancer
47,Female,Cancer
30,Female,Cancer
39,Male,Obesity
64,Male,Obesity
35,Male,Fever
80,Female,Covid
20,Male,Fever
45,Female,Cancer
42,Female,Covid
53,Female,Covid
74,Male,Cancer
74,Male,Fever
71,Male,Cancer
72,Male,Cancer
59,Female,Covid
23,Female,Covid
50,Female,Obesity
68,Male,Obesity
25,Male,Covid
41,Female,Obesity
49,Female,Cancer
66,Female,Fever
68,Female,Cancer
32,Female,Fever
76,Female,Cancer
22,Female,Cancer
38,Female,Obesity
61,Female,Covid
77,Male,Cancer
23,Female,Covid
30,Male,Cancer
62,Female,Cancer
34,Female,Cancer
69,Female,Obesity
41,Male,Fever
65,Male,Obesity
40,Male,Fever
41,Male,Covid
48,Male,Obesity
79,Female,Obesity
43,Female,Fever
24,Male,Cancer
70,Female,Fever
67,Female,Fever
56,Male,Covid
62,Female,Obesity
40,Female,Cancer
51,Female,Fever
36,Male,Fever
28,Male,Covid
39,Female,Obesity
24,Male,Obesity
77,Female,Obesity
49,Male,Cancer
34,Male,Covid
80,Male,Cancer
73,Female,Obesity
76,Female,Cancer
40,Female,Fever
52,Female,Cancer
46,Female,Covid
20,Male,Covid
30,Male,Cancer
51,Male,Fever
61,Male,Covid
44,Female,Covid
37,Male,Fever
46,Male,Covid
75,Female,Covid
35,Female,Cancer
39,Male,Fever
33,Female,Obesity
60,Female,Covid
36,Female,Obesity
46,Male,Fever
22,Female,Obesity
65,Male,Obesity
36,Male,Covid
55,Female,Obesity
27,Male,Covid
41,Male,Cancer
51,Male,Fever
50,Male,Covid
73,Female,Cancer
79,Male,Obesity
61,Male,Fever
51,Male,Fever
68,Female,Cancer
21,Female,Covid
57,Female,Covid
73,Male,Obesity
79,Female,Obesity
48,Female,Covid
37,Male,Fever
65,Female,Cancer
21,Female,Obesity
33,Female,Obesity
37,Female,Fever
53,Female,Obesity
38,Male,Cancer
41,Male,Obesity
20,Male,Obesity
34,Female,Cancer
71,Female,Obesity
47,Female,Cancer
63,Female,Covid
71,Female,Fever
65,Male,Covid
55,Male,Obesity
47,Female,Cancer
38,Female,Obesity
74,Female,Obesity
80,Female,Obesity
22,Male,Cancer
28,Female,Covid
54,Female,Obesity
68,Male,Covid
59,Female,Fever
54,Female,Obesity
78,Female,Fever
56,Male,Obesity
43,Female,Cancer
43,Male,Cancer
43,Male,Fever
49,Male,Fever
36,Male,Obesity
58,Male,Covid
45,Female,Obesity
36,Female,Fever
60,Female,Cancer
68,Female,Covid
78,Female,Cancer
54,Female,Obesity
58,Female,Cancer
31,Female,Covid
70,Male,Covid
49,Female,Cancer
77,Female,Fever
45,Female,Covid
27,Female,Cancer
80,Male,Cancer
47,Male,Covid
37,Male,Fever
21,Male,Covid
26,Male,Covid
42,Male,Fever
48,Female,Cancer
51,Male,Cancer
72,Male,Fever
60,Female,Covid
33,Male,Cancer
51,Male,Cancer
31,Male,Covid
60,Male,Covid
39,Male,Obesity
47,Female,Fever
63,Male,Fever
43,Female,Fever
43,Male,Cancer
61,Female,Obesity
42,Male,Fever
59,Male,Cancer
29,Male,Fever
38,Male,Cancer
42,Female,Cancer
53,Female,Obesity
27,Female,Covid
78,Female,Fever
35,Female,Cancer
44,Male,Fever
24,Male,Cancer
70,Male,Fever
26,Male,Fever
29,Male,Cancer
22,Male,Cancer
72,Male,Cancer
78,Male,Obesity
34,Male,Obesity
49,Male,Fever
45,Male,Covid
27,Male,Cancer
69,Male,Cancer
22,Female,Obesity
22,Female,Obesity
49,Male,Obesity
32,Female,Obesity
46,Male,Cancer
65,Male,Covid
49,Female,Obesity
57,Male,Cancer
33,Female,Covid
80,Female,Fever
67,Female,Obesity
75,Female,Fever
66,Female,Cancer
76,Male,Covid
75,Male,Obesity
72,Female,Fever
29,Male,Cancer
56,Male,Covid
75,Male,Cancer
75,Female,Obesity
79,Female,Obesity
67,Male,Obesity
23,Male,Fever
45,Male,Covid
56,Male,Covid
77,Female,Fever
63,Female,Covid
48,Male,Cancer
37,Female,Covid
26,Male,Cancer
26,Female,Covid
50,Female,Cancer
56,Female,Fever
25,Female,Cancer
43,Male,Cancer
74,Male,Cancer
72,Male,Obesity
69,Female,Cancer
59,Female,Covid
31,Female,Fever
59,Male,Obesity
49,Female,Fever
65,Female,Cancer
29,Male,Cancer
49,Male,Obesity
32,Male,Covid
48,Female,Fever
72,Female,Covid
53,Male,Covid
45,Female,Cancer
44,Female,Obesity
38,Male,Covid
41,Male,Cancer
20,Female,Obesity
63,Female,Obesity
67,Male,Cancer
44,Female,Covid
69,Female,Fever
40,Female,Fever
22,Male,Covid
28,Female,Obesity
21,Female,Fever
77,Female,Covid
73,Female,Cancer
23,Female,Obesity
52,Male,Obesity
69,Female,Fever
77,Male,Obesity
32,Male,Covid
73,Male,Fever
35,Male,Covid
28,Female,Covid
40,Male,Covid
21,Female,Obesity
54,Male,Fever
53,Male,Cancer
70,Female,Cancer
48,Male,Obesity
71,Female,Obesity
74,Male,Covid
25,Male,Covid
34,Male,Cancer
43,Male,Fever
26,Female,Fever
41,Female,Fever
77,Male,Fever
60,Female,Covid
31,Female,Covid
24,Male,Fever
56,Male,Covid
37,Male,Covid
21,Female,Obesity
69,Female,Fever
57,Female,Obesity
41,Female,Obesity
38,Male,Cancer
62,Male,Cancer
55,Male,Obesity
28,Male,Cancer
38,Female,Cancer
51,Male,Cancer
78,Female,Covid
51,Male,Obesity
75,Male,Covid
20,Male,Fever
63,Male,Fever
25,Female,Fever
70,Female,Fever
22,Male,Cancer
49,Male,Cancer
39,Female,Covid
62,Female,Covid
25,Male,Cancer
30,Female,Cancer
63,Male,Obesity
42,Male,Cancer
73,Female,Cancer
46,Male,Covid
79,Female,Obesity
50,Male,Covid
21,Male,Covid
74,Male,Fever
32,Male,Cancer
57,Female,Covid
43,Male,Fever
32,Female,Obesity
23,Female,Cancer
21,Female,Obesity
62,Female,Fever
66,Female,Fever
45,Male,Fever
39,Male,Fever
26,Female,Covid
38,Female,Covid
50,Male,Fever
46,Female,Cancer
50,Female,Covid
39,Male,Cancer
80,Female,Covid
66,Female,Fever
43,Female,Covid
47,Male,Covid
65,Female,Fever
71,Male,Cancer
75,Female,Obesity
43,Male,Fever
39,Female,Obesity
21,Male,Fever
61,Male,Fever
25,Female,Cancer
35,Male,Obesity
78,Male,Fever
80,Male,Cancer
49,Female,Cancer
47,Male,Obesity
74,Female,Cancer
49,Female,Cancer
53,Male,Cancer
50,Female,Fever
41,Female,Cancer
44,Male,Fever
49,Male,Obesity
36,Female,Obesity
70,Female,Covid
68,Male,Obesity
52,Male,Cancer
62,Female,Covid
44,Male,Covid
27,Female,Obesity
22,Female,Cancer
59,Female,Obesity
60,Male,Obesity
34,Male,Fever
25,Male,Cancer
44,Female,Covid
67,Female,Obesity
67,Female,Fever
71,Female,Obesity
61,Female,Cancer
39,Female,Obesity
73,Male,Cancer
71,Female,Obesity
77,Male,Cancer
24,Female,Cancer
63,Male,Obesity
56,Male,Fever
41,Female,Cancer
48,Male,Covid
44,Female,Fever
36,Female,Fever
56,Female,Covid
80,Male,Covid
73,Male,Fever
30,Male,Covid
39,Male,Obesity
51,Male,Obesity
67,Male,Cancer
77,Male,Cancer
39,Male,Cancer
55,Female,Cancer
60,Male,Fever
23,Female,Cancer
74,Female,Cancer
38,Female,Obesity
49,Female,Obesity
56,Male,Cancer
77,Female,Covid
26,Female,Obesity
48,Male,Obesity
72,Female,Covid
77,Female,Obesity
64,Male,Cancer
52,Male,Cancer
44,Female,Obesity
78,Female,Cancer
67,Male,Cancer
56,Female,Obesity
71,Female,Cancer
53,Male,Fever
51,Male,Covid
56,Male,Fever
50,Female,Obesity
69,Female,Cancer
76,Female,Fever
34,Male,Obesity
28,Male,Obesity
36,Male,Obesity
61,Female,Cancer
33,Female,Cancer
69,Male,Covid
40,Male,Covid
61,Male,Cancer
77,Male,Covid
47,Female,Obesity
61,Female,Fever
43,Female,Cancer
43,Female,Cancer
27,Female,Covid
66,Male,Obesity
20,Female,Covid
68,Female,Covid
69,Female,Fever
61,Female,Cancer
43,Male,Obesity
76,Female,Covid
78,Female,Obesity
54,Female,Cancer
38,Male,Covid
71,Male,Obesity
49,Female,Fever
58,Female,Fever
26,Male,Cancer
39,Male,Fever
30,Female,Obesity
40,Female,Covid
43,Female,Cancer
52,Female,Obesity
33,Female,Obesity
54,Male,Cancer
34,Female,Covid
35,Female,Obesity
23,Male,Fever
59,Female,Covid
51,Male,Fever
63,Male,Cancer
23,Male,Covid
36,Female,Covid
43,Female,Covid
78,Female,Fever
59,Male,Covid
38,Female,Obesity
52,Female,Obesity
79,Female,Fever
69,Male,Cancer
61,Male,Covid
51,Male,Fever
79,Female,Cancer
57,Female,Covid
77,Male,Fever
59,Male,Fever
62,Female,Fever
28,Female,Covid
62,Male,Cancer
26,Male,Fever
76,Female,Cancer
29,Male,Covid
44,Female,Fever
40,Male,Fever
55,Male,Covid
46,Male,Fever
62,Female,Obesity
69,Male,Covid
42,Female,Covid
26,Female,Covid
